project_id,field,current_value,proposed_value,source_url,source_date,confidence,requires_filing_read
184,total_gsf,2041000,1883367,https://www.bostonplans.org/projects/development-projects/fenway-corners-west,2026-08-31,probable,no
14,total_gsf,1739000,1559000,https://www.bostonplans.org/projects/development-projects/reserved-channel,2026-08-31,probable,no
168,total_gsf,1386500,487400,https://www.bostonplans.org/projects/development-projects/505-dorchester-avenue,2026-08-31,confirmed,no
170,total_gsf,1386500,510900,https://www.bostonplans.org/projects/development-projects/65-ellery-street,2026-08-31,confirmed,no
172,total_gsf,1386500,388200,https://www.bostonplans.org/projects/development-projects/75-ellery-street,2026-08-31,confirmed,no
366,total_gsf,1371480,1453000,https://www.bostonplans.org/projects/development-projects/back-bay-south-end-gateway-project,2026-08-31,probable,no
287,total_gsf,1147000,1073000,https://www.bostonplans.org/projects/development-projects/323-365-dorchester-avenue,2026-08-31,probable,no
247,total_gsf,808000,790000,https://www.bostonplans.org/projects/development-projects/176-lincoln-street,2026-08-31,probable,no
174,total_gsf,802000,812000,https://www.bostonplans.org/projects/development-projects/66-cambridge-street,2026-08-31,probable,no
69,total_gsf,790000,126000,https://www.bostonplans.org/projects/development-projects/austin-street-lots-redevelopment,2026-08-31,probable,no
267,total_gsf,754500,746000,https://www.bostonplans.org/projects/development-projects/776-summer-street-phase-1,2026-08-31,probable,no
252,total_gsf,742000,764260,https://www.bostonplans.org/projects/development-projects/parcel-x-310-northern-avenue,2026-08-31,probable,no
246,total_gsf,700000,810000,https://www.bostonplans.org/projects/development-projects/1170-soldiers-field-road,2026-08-31,probable,no
363,total_gsf,689000,439500,https://www.bostonplans.org/projects/development-projects/1000-boylston-street,2026-08-31,confirmed,no
353,total_gsf,685000,731000,https://www.bostonplans.org/projects/development-projects/motor-mart-garage,2026-08-31,probable,no
228,total_gsf,684450,571500,https://www.bostonplans.org/projects/development-projects/88-black-falcon-avenue,2026-08-31,probable,no
266,total_gsf,602200,611300,https://www.bostonplans.org/projects/development-projects/seaport-circle-project,2026-08-31,probable,no
128,total_gsf,551200,268852,https://www.bostonplans.org/projects/development-projects/17-bradston-street,2026-08-31,probable,no
146,total_gsf,547200,141950,https://www.bostonplans.org/projects/development-projects/faneuil-gardens,2026-08-31,probable,no
328,total_gsf,535000,456000,https://www.bostonplans.org/projects/development-projects/dock-square-garage,2026-08-31,probable,no
66,total_gsf,478880,289344,https://www.bostonplans.org/projects/development-projects/one-mystic-avenue,2026-08-31,probable,no
314,total_gsf,462900,463900,https://www.bostonplans.org/projects/development-projects/bremen-orleans-development,2026-08-31,probable,no
167,total_gsf,455000,324315,https://www.bostonplans.org/projects/development-projects/232-a-street,2026-08-31,probable,no
304,total_gsf,446112,317664,https://www.bostonplans.org/projects/development-projects/jan-karski-way-extension,2026-08-31,probable,no
119,total_gsf,420800,429700,https://www.bostonplans.org/projects/development-projects/60-80-kilmarnock-street,2026-08-31,probable,no
231,total_gsf,409395,400526,https://www.bostonplans.org/projects/development-projects/155-north-beacon-street,2026-08-31,probable,no
29,total_gsf,400000,179667,https://www.bostonplans.org/projects/development-projects/45-townsend-street,2026-08-31,probable,no
303,total_gsf,398000,280900,https://www.bostonplans.org/projects/development-projects/819-beacon-street,2026-08-31,probable,no
156,total_gsf,393000,348100,https://www.bostonplans.org/projects/development-projects/olmsted-village,2026-08-31,probable,no
182,total_gsf,358258,309604,https://www.bostonplans.org/projects/development-projects/495-dorchester-avenue,2026-08-31,confirmed,no
339,total_gsf,356000,259000,https://www.bostonplans.org/projects/development-projects/allston-green,2026-08-31,probable,no
315,total_gsf,349000,351000,https://www.bostonplans.org/projects/development-projects/220-huntington-avenue,2026-08-31,probable,no
238,total_gsf,348395,316315,https://www.bostonplans.org/projects/development-projects/residences-at-readville-station,2026-08-31,probable,no
17,total_gsf,346022,271133,https://www.bostonplans.org/projects/development-projects/drexel-village,2026-08-31,probable,no
64,total_gsf,345000,341576,https://www.bostonplans.org/projects/development-projects/990-american-legion-highway,2026-08-31,probable,no
358,total_gsf,343800,350300,https://www.bostonplans.org/projects/development-projects/10-stack-street,2026-08-31,probable,no
122,total_gsf,341500,308133,https://www.bostonplans.org/projects/development-projects/83-leo-m-birmingham-parkway,2026-08-31,probable,no
164,total_gsf,311000,304000,https://www.bostonplans.org/projects/development-projects/22-24-pratt-street,2026-08-31,probable,no
261,total_gsf,311000,266650,https://www.bostonplans.org/projects/development-projects/41-berkeley-street,2026-08-31,probable,no
237,total_gsf,295020,248450,https://www.bostonplans.org/projects/development-projects/18-22-arboretum-road,2026-08-31,probable,no
375,total_gsf,292000,289290,https://www.bostonplans.org/projects/development-projects/22-boston-wharf-road,2026-08-31,probable,no
362,total_gsf,285253,293193,https://www.bostonplans.org/projects/development-projects/rio-grande,2026-08-31,probable,no
326,total_gsf,282382,289073,https://www.bostonplans.org/projects/development-projects/135-dudley-street,2026-08-31,probable,no
190,total_gsf,265000,245000,https://www.bostonplans.org/projects/development-projects/103-north-beacon-street,2026-08-31,probable,no
154,total_gsf,254000,285000,https://www.bostonplans.org/projects/development-projects/2-charlesgate-west,2026-08-31,probable,no
239,total_gsf,253993,129525,https://www.bostonplans.org/projects/development-projects/3390-washington-street,2026-08-31,probable,no
213,total_gsf,253288,341911,https://www.bostonplans.org/projects/development-projects/15-washington-street,2026-08-31,probable,no
219,total_gsf,250664,199016,https://www.bostonplans.org/projects/development-projects/1141-bennington-street,2026-08-31,probable,no
14,land_sq_ft,(column does not exist),1306800,https://www.bostonplans.org/projects/development-projects/reserved-channel,2026-08-31,confirmed,no
17,land_sq_ft,(column does not exist),110400,https://www.bostonplans.org/projects/development-projects/drexel-village,2026-08-31,confirmed,no
29,land_sq_ft,(column does not exist),211277,https://www.bostonplans.org/projects/development-projects/45-townsend-street,2026-08-31,confirmed,no
53,land_sq_ft,(column does not exist),149126,https://www.bostonplans.org/projects/development-projects/244-284-a-street,2026-08-31,confirmed,no
64,land_sq_ft,(column does not exist),615526,https://www.bostonplans.org/projects/development-projects/990-american-legion-highway,2026-08-31,confirmed,no
66,land_sq_ft,(column does not exist),60089,https://www.bostonplans.org/projects/development-projects/one-mystic-avenue,2026-08-31,confirmed,no
69,land_sq_ft,(column does not exist),53959,https://www.bostonplans.org/projects/development-projects/austin-street-lots-redevelopment,2026-08-31,confirmed,no
102,land_sq_ft,(column does not exist),97969,https://www.bostonplans.org/projects/development-projects/northeastern-university-matthews-arena-project,2026-08-31,confirmed,no
119,land_sq_ft,(column does not exist),74263,https://www.bostonplans.org/projects/development-projects/60-80-kilmarnock-street,2026-08-31,confirmed,no
122,land_sq_ft,(column does not exist),88583,https://www.bostonplans.org/projects/development-projects/83-leo-m-birmingham-parkway,2026-08-31,confirmed,no
126,land_sq_ft,(column does not exist),79114,https://www.bostonplans.org/projects/development-projects/250-everett-street,2026-08-31,confirmed,no
128,land_sq_ft,(column does not exist),50282,https://www.bostonplans.org/projects/development-projects/17-bradston-street,2026-08-31,confirmed,no
146,land_sq_ft,(column does not exist),98500,https://www.bostonplans.org/projects/development-projects/faneuil-gardens,2026-08-31,confirmed,no
150,land_sq_ft,(column does not exist),132129,https://www.bostonplans.org/projects/development-projects/wentworth-500-huntington-avenue,2026-08-31,confirmed,no
154,land_sq_ft,(column does not exist),20344,https://www.bostonplans.org/projects/development-projects/2-charlesgate-west,2026-08-31,confirmed,no
164,land_sq_ft,(column does not exist),96445,https://www.bostonplans.org/projects/development-projects/22-24-pratt-street,2026-08-31,confirmed,no
167,land_sq_ft,(column does not exist),103465,https://www.bostonplans.org/projects/development-projects/232-a-street,2026-08-31,confirmed,no
168,land_sq_ft,(column does not exist),104840,https://www.bostonplans.org/projects/development-projects/505-dorchester-avenue,2026-08-31,confirmed,no
170,land_sq_ft,(column does not exist),101195,https://www.bostonplans.org/projects/development-projects/65-ellery-street,2026-08-31,confirmed,no
172,land_sq_ft,(column does not exist),94290,https://www.bostonplans.org/projects/development-projects/75-ellery-street,2026-08-31,confirmed,no
174,land_sq_ft,(column does not exist),175980,https://www.bostonplans.org/projects/development-projects/66-cambridge-street,2026-08-31,confirmed,no
175,land_sq_ft,(column does not exist),41931,https://www.bostonplans.org/projects/development-projects/south-boston-innovation-campus,2026-08-31,confirmed,no
182,land_sq_ft,(column does not exist),53971,https://www.bostonplans.org/projects/development-projects/495-dorchester-avenue,2026-08-31,confirmed,no
183,land_sq_ft,(column does not exist),104440,https://www.bostonplans.org/projects/development-projects/1400-boylston-street,2026-08-31,confirmed,no
184,land_sq_ft,(column does not exist),193715,https://www.bostonplans.org/projects/development-projects/fenway-corners-west,2026-08-31,confirmed,no
190,land_sq_ft,(column does not exist),67586,https://www.bostonplans.org/projects/development-projects/103-north-beacon-street,2026-08-31,confirmed,no
203,land_sq_ft,(column does not exist),186818,https://www.bostonplans.org/projects/development-projects/40-roland-street,2026-08-31,confirmed,no
210,land_sq_ft,(column does not exist),87879,https://www.bostonplans.org/projects/development-projects/nubian-square-ascends,2026-08-31,confirmed,no
213,land_sq_ft,(column does not exist),99787,https://www.bostonplans.org/projects/development-projects/15-washington-street,2026-08-31,confirmed,no
219,land_sq_ft,(column does not exist),81231,https://www.bostonplans.org/projects/development-projects/1141-bennington-street,2026-08-31,confirmed,no
228,land_sq_ft,(column does not exist),458725,https://www.bostonplans.org/projects/development-projects/88-black-falcon-avenue,2026-08-31,confirmed,no
231,land_sq_ft,(column does not exist),135716,https://www.bostonplans.org/projects/development-projects/155-north-beacon-street,2026-08-31,confirmed,no
237,land_sq_ft,(column does not exist),99660,https://www.bostonplans.org/projects/development-projects/18-22-arboretum-road,2026-08-31,confirmed,no
238,land_sq_ft,(column does not exist),119034,https://www.bostonplans.org/projects/development-projects/residences-at-readville-station,2026-08-31,confirmed,no
239,land_sq_ft,(column does not exist),88525,https://www.bostonplans.org/projects/development-projects/3390-washington-street,2026-08-31,confirmed,no
240,land_sq_ft,(column does not exist),47251,https://www.bostonplans.org/projects/development-projects/645-beacon-street,2026-08-31,confirmed,no
241,land_sq_ft,(column does not exist),23744,https://www.bostonplans.org/projects/development-projects/11-21-bromfield-street,2026-08-31,confirmed,no
243,land_sq_ft,(column does not exist),136917,https://www.bostonplans.org/projects/development-projects/1234-1240-soldiers-field-road,2026-08-31,confirmed,no
246,land_sq_ft,(column does not exist),273446,https://www.bostonplans.org/projects/development-projects/1170-soldiers-field-road,2026-08-31,confirmed,no
247,land_sq_ft,(column does not exist),229982,https://www.bostonplans.org/projects/development-projects/176-lincoln-street,2026-08-31,confirmed,no
252,land_sq_ft,(column does not exist),185501,https://www.bostonplans.org/projects/development-projects/parcel-x-310-northern-avenue,2026-08-31,confirmed,no
258,land_sq_ft,(column does not exist),52787,https://www.bostonplans.org/projects/development-projects/parcel-13,2026-08-31,confirmed,no
261,land_sq_ft,(column does not exist),53426,https://www.bostonplans.org/projects/development-projects/41-berkeley-street,2026-08-31,confirmed,no
266,land_sq_ft,(column does not exist),109771,https://www.bostonplans.org/projects/development-projects/seaport-circle-project,2026-08-31,confirmed,no
276,land_sq_ft,(column does not exist),50000,https://www.bostonplans.org/projects/development-projects/seaport-square-block-g,2026-08-31,confirmed,no
287,land_sq_ft,(column does not exist),235426,https://www.bostonplans.org/projects/development-projects/323-365-dorchester-avenue,2026-08-31,confirmed,no
292,land_sq_ft,(column does not exist),43671,https://www.bostonplans.org/projects/development-projects/fenway-corners-north,2026-08-31,confirmed,no
295,land_sq_ft,(column does not exist),209949,https://www.bostonplans.org/projects/development-projects/government-center-garage-phase-3,2026-08-31,confirmed,no
303,land_sq_ft,(column does not exist),70226,https://www.bostonplans.org/projects/development-projects/819-beacon-street,2026-08-31,confirmed,no
304,land_sq_ft,(column does not exist),169158,https://www.bostonplans.org/projects/development-projects/jan-karski-way-extension,2026-08-31,confirmed,no
314,land_sq_ft,(column does not exist),139802,https://www.bostonplans.org/projects/development-projects/bremen-orleans-development,2026-08-31,confirmed,no
315,land_sq_ft,(column does not exist),66660,https://www.bostonplans.org/projects/development-projects/220-huntington-avenue,2026-08-31,confirmed,no
326,land_sq_ft,(column does not exist),69835,https://www.bostonplans.org/projects/development-projects/135-dudley-street,2026-08-31,confirmed,no
328,land_sq_ft,(column does not exist),51035,https://www.bostonplans.org/projects/development-projects/dock-square-garage,2026-08-31,confirmed,no
331,land_sq_ft,(column does not exist),865620,https://www.bostonplans.org/projects/development-projects/suffolk-downs-phase-3,2026-08-31,confirmed,no
332,land_sq_ft,(column does not exist),1073107,https://www.bostonplans.org/projects/development-projects/suffolk-downs-phase-4,2026-08-31,confirmed,no
333,land_sq_ft,(column does not exist),736164,https://www.bostonplans.org/projects/development-projects/suffolk-downs-phase-5,2026-08-31,confirmed,no
334,land_sq_ft,(column does not exist),949529,https://www.bostonplans.org/projects/development-projects/suffolk-downs-phase-1,2026-08-31,confirmed,no
335,land_sq_ft,(column does not exist),1129800,https://www.bostonplans.org/projects/development-projects/suffolk-downs-phase-2,2026-08-31,confirmed,no
339,land_sq_ft,(column does not exist),79391,https://www.bostonplans.org/projects/development-projects/allston-green,2026-08-31,confirmed,no
343,land_sq_ft,(column does not exist),57300,https://www.bostonplans.org/projects/development-projects/harbor-garage-redevelopment,2026-08-31,confirmed,no
345,land_sq_ft,(column does not exist),54900,https://www.bostonplans.org/projects/development-projects/allston-yards-building-d,2026-08-31,confirmed,no
346,land_sq_ft,(column does not exist),52700,https://www.bostonplans.org/projects/development-projects/allston-yards-building-c,2026-08-31,confirmed,no
353,land_sq_ft,(column does not exist),52323,https://www.bostonplans.org/projects/development-projects/motor-mart-garage,2026-08-31,confirmed,no
357,land_sq_ft,(column does not exist),243936,https://www.bostonplans.org/projects/development-projects/exchange-south-end,2026-08-31,confirmed,no
358,land_sq_ft,(column does not exist),75000,https://www.bostonplans.org/projects/development-projects/10-stack-street,2026-08-31,confirmed,no
362,land_sq_ft,(column does not exist),34000,https://www.bostonplans.org/projects/development-projects/rio-grande,2026-08-31,confirmed,no
363,land_sq_ft,(column does not exist),40955,https://www.bostonplans.org/projects/development-projects/1000-boylston-street,2026-08-31,confirmed,no
369,land_sq_ft,(column does not exist),39893,https://www.bostonplans.org/projects/development-projects/seaport-square-block-d,2026-08-31,confirmed,no
372,land_sq_ft,(column does not exist),315810,https://www.bostonplans.org/projects/development-projects/tremont-crossing-(p-3),2026-08-31,confirmed,no
375,land_sq_ft,(column does not exist),30893,https://www.bostonplans.org/projects/development-projects/22-boston-wharf-road,2026-08-31,confirmed,no
SCHEMA,land_sq_ft,(none),"add nullable INTEGER; assign the already-parsed detail['land_sqft'] in bpda_scraper.py, which is currently dropped",scraper/bpda_scraper.py:261,2026-08-31,confirmed,no
SCHEMA,far,(none),"add computed column total_gsf / land_sq_ft; label as GROSS FAR against the BPDA land figure, which may not equal the zoning lot",derived,2026-08-31,probable,no
CODE,extract_projects.py prompt,'gross square feet of entire project',ask for the GSF of the building at THIS address; return null where the document describes more than one building,scraper/extract_projects.py:54,2026-08-31,confirmed,no
CODE,app read path,app reads total_gsf,"prefer bpda_gsf where present, fall back to total_gsf; corrects 45 rows at once and is reversible",app/data.py,2026-08-31,confirmed,no
168,residential_units,0,(null - cannot allocate),https://www.bostonplans.org/projects/development-projects/505-dorchester-avenue,2026-08-31,unresolved,yes
170,residential_units,0,(null - cannot allocate),https://www.bostonplans.org/projects/development-projects/65-ellery-street,2026-08-31,unresolved,yes
172,residential_units,0,(null - cannot allocate),https://www.bostonplans.org/projects/development-projects/75-ellery-street,2026-08-31,unresolved,yes
NOTE-1,residential_units allocation,0 on all three rows,"331 units total (237 market-rate + 94 senior) across the phase; NO BPDA page publishes a unit count, so the per-building split is not determinable without the Development Plan. Left null per instruction rather than distributed by guess.",http://www.bostonplans.org/projects/development-projects/505-dorchester-avenue,2026-08-31,unresolved,yes
372,status,Board Approved,Withdrawn - designation not renewed,https://www.baystatebanner.com,2019-10-17,confirmed,no
372,excluded,0,1,https://www.baystatebanner.com,2019-10-17,confirmed,no
372,excluded_reason,(null),"BPDA declined to renew P-3 Partners' tentative designation on 2019-10-31, citing lack of firm financing. Removes 1,746,908 GSF from pipeline totals.",https://www.baystatebanner.com,2019-10-17,confirmed,no
372,notes,designation expired January 2026,"CORRECTION: designation expired 2019-10-31, not January 2026. Bay State Banner 2019-10-17 quotes BPDA Director Brian Golden; Boston Globe 2019-10-18; Bay State Banner confirmed the withdrawal again in May 2020.",https://www.baystatebanner.com,2019-10-17,confirmed,no
246,status,Board Approved,Abandoned,https://www.universalhub.com,2026-03-30,confirmed,no
246,excluded,0,1,https://www.universalhub.com,2026-03-30,confirmed,no
246,excluded_reason,(null),"Three-building 700,000 SF lab/office plan abandoned in 2024 as the Boston life science market contracted. Harvard Crimson 2026-03-13; Universal Hub 2026-03-30. Removes 700,000 GSF from pipeline totals.",https://www.universalhub.com,2026-03-30,confirmed,no
246,developer,"1170 SFR Associates, LLC","National Development / Mount Vernon Company (JV; record entity 1170 SFR Associates, LLC)",https://www.universalhub.com,2026-03-30,confirmed,no
246,total_gsf,700000,"(no change - CONFLICT, do not update)",https://www.bostonplans.org/projects/development-projects/1170-soldiers-field-road,2026-08-31,unresolved,yes
363,status,Board Approved,Cancelled,https://www.bisnow.com,2019-08-01,confirmed,no
363,excluded,0,1,https://www.bisnow.com,2019-08-01,confirmed,no
363,excluded_reason,(null),"Weiner Ventures cancelled August 2019; MassDOT did not renew development rights. ~$83M spent in predevelopment. Bisnow 2019-08 and 2021-03; Banker & Tradesman 2024-01 on the Fish/Weiner settlement. Removes 689,000 GSF from pipeline totals.",https://www.bisnow.com,2019-08-01,confirmed,no
SCHEMA,status vocabulary,Under Construction covers both states,"add 'Permitted - Not Started'; permit_active must map to it, never to Under Construction. Add completion_basis 'construction_observed' as the only basis short of a CO that may set Under Construction.",app/data.py:290,2026-08-31,confirmed,no
385,status,Under Construction,Permitted - Not Started (pending vocabulary),https://www.bostonglobe.com,2025-01-10,confirmed,no
385,completion_stage,Under Construction,Permitted - Not Started (pending vocabulary),https://www.bostonglobe.com,2025-01-10,confirmed,no
385,total_gsf,625000,"(no change - 625,000 confirmed)",https://www.bostonglobe.com,2025-01-10,confirmed,no
358,completion_stage,Under Construction (basis=permit_active),review: permit issuance alone is not construction,https://data.boston.gov/dataset/approved-building-permits,2026-08-31,probable,no
126,completion_stage,Under Construction (basis=permit_active),review: permit issuance alone is not construction,https://data.boston.gov/dataset/approved-building-permits,2026-08-31,probable,no
225,completion_stage,Under Construction (basis=permit_active),review: permit issuance alone is not construction,https://data.boston.gov/dataset/approved-building-permits,2026-08-31,probable,no
390,completion_stage,Under Construction (basis=permit_active),review: permit issuance alone is not construction,https://data.boston.gov/dataset/approved-building-permits,2026-08-31,probable,no
106,completion_stage,Under Construction (basis=permit_active),review: permit issuance alone is not construction,https://data.boston.gov/dataset/approved-building-permits,2026-08-31,probable,no
111,completion_stage,Under Construction (basis=permit_active),review: permit issuance alone is not construction,https://data.boston.gov/dataset/approved-building-permits,2026-08-31,probable,no
165,completion_stage,Under Construction (basis=permit_active),review: permit issuance alone is not construction,https://data.boston.gov/dataset/approved-building-permits,2026-08-31,probable,no
329,completion_stage,Under Construction (basis=permit_active),review: permit issuance alone is not construction,https://data.boston.gov/dataset/approved-building-permits,2026-08-31,probable,no
350,completion_stage,Under Construction (basis=permit_active),review: permit issuance alone is not construction,https://data.boston.gov/dataset/approved-building-permits,2026-08-31,probable,no
307,completion_stage,Under Construction (basis=permit_active),review: permit issuance alone is not construction,https://data.boston.gov/dataset/approved-building-permits,2026-08-31,probable,no
299,completion_stage,Under Construction (basis=permit_active),review: permit issuance alone is not construction,https://data.boston.gov/dataset/approved-building-permits,2026-08-31,probable,no
114,completion_stage,Under Construction (basis=permit_active),review: permit issuance alone is not construction,https://data.boston.gov/dataset/approved-building-permits,2026-08-31,probable,no
SCHEMA,master_plan_total_gsf,(none),"add nullable INTEGER on projects; populate ONLY from the PDA/master plan document, never from press",schema,2026-08-31,confirmed,no
331,phase_group,(null),Suffolk Downs,internal - site grouping,2026-08-31,confirmed,no
332,phase_group,(null),Suffolk Downs,internal - site grouping,2026-08-31,confirmed,no
333,phase_group,(null),Suffolk Downs,internal - site grouping,2026-08-31,confirmed,no
334,phase_group,(null),Suffolk Downs,internal - site grouping,2026-08-31,confirmed,no
335,phase_group,(null),Suffolk Downs,internal - site grouping,2026-08-31,confirmed,no
382,phase_group,(null),Suffolk Downs,internal - site grouping,2026-08-31,confirmed,no
275,phase_group,(null),Seaport Square,internal - site grouping,2026-08-31,confirmed,no
276,phase_group,(null),Seaport Square,internal - site grouping,2026-08-31,confirmed,no
369,phase_group,(null),Seaport Square,internal - site grouping,2026-08-31,confirmed,no
277,phase_group,(null),Seaport Square,internal - site grouping,2026-08-31,confirmed,no
345,phase_group,(null),Allston Yards,internal - site grouping,2026-08-31,confirmed,no
346,phase_group,(null),Allston Yards,internal - site grouping,2026-08-31,confirmed,no
235,phase_group,(null),Allston Yards,internal - site grouping,2026-08-31,confirmed,no
270,phase_group,(null),Allston Yards,internal - site grouping,2026-08-31,confirmed,no
267,phase_group,(null),776 Summer Street,internal - site grouping,2026-08-31,confirmed,no
115,phase_group,(null),776 Summer Street,internal - site grouping,2026-08-31,confirmed,no
NOTE-2,master_plan_total_gsf (Suffolk Downs Boston),(none),"REQUIRES PDA READ. Five Boston phases sum to 10,520,000; Beachmont Square (Revere, id 382) adds 1,700,000; HYM publishes 16.2M site-wide across both municipalities. Do not populate from press. If the PDA gives a different Boston-side figure, flag rather than adjust the phase rows.",BPDA PDA document,,unresolved,yes
392,out_of_scope,(column does not exist),"1 - Hudson MA, ~30 miles west; no Tier 1 source in the hierarchy covers it",internal,2026-08-31,confirmed,no
779,out_of_scope,(column does not exist),1 - Providence RI; belongs to the separate RI pipeline. Its own note concedes total_gsf is web-sourced (Tier 3).,internal,2026-08-31,confirmed,no
SCHEMA,out_of_scope,(none),"add nullable BOOLEAN, separate from `excluded`, so Boston/Cambridge totals can drop these rows without asserting the project is dead",schema,2026-08-31,confirmed,no
